City_ID,City,Lat,Lng,Max Temp,Humidity,Cloudiness,Wind Speed,Country,Date
0,mount pearl,47.5166,-52.7813,33.46,96,100,24.16,CA,1707110014
1,port lincoln,-34.7333,135.8667,66.6,51,4,20.83,AU,1707110014
2,zliten,32.4674,14.5687,55.29,77,0,12.06,LY,1707110014
3,kayangel,8.0823,134.7173,80.53,84,100,18.43,PW,1707110015
4,hafar al-batin,28.4328,45.9708,46.98,61,0,4.61,SA,1707110015
5,kristiansund,63.1115,7.732,30.85,93,100,5.75,NO,1707110015
6,aden,12.7794,45.0367,78.12,69,76,9.93,YE,1707110015
7,qarauyl,48.9451,79.255,21.31,70,80,10.65,KZ,1707110016
8,jurm,36.8648,70.8342,30.02,56,30,5.19,AF,1707110016
9,port-aux-francais,-49.35,70.2167,41.92,72,62,20.98,TF,1707110016
10,uusikaupunki,60.8004,21.4084,25.83,91,9,7.4,FI,1707110016
11,santana,-0.0583,-51.1817,80.78,89,0,2.3,BR,1707110017
12,puerto natales,-51.7236,-72.4875,46.65,83,96,20.22,CL,1707110017
13,paris,48.8534,2.3488,50.43,81,100,12.66,FR,1707109953
14,lompoc,34.6391,-120.4579,59.14,82,75,11.5,US,1707110017
15,iqaluit,63.7506,-68.5145,-14.31,75,100,0.0,CA,1707110018
16,puerto ayora,-0.7393,-90.3518,74.55,100,60,7.85,EC,1707110018
17,susuman,62.7833,148.1667,-8.01,77,100,3.0,RU,1707110018
18,port mathurin,-19.6833,63.4167,79.43,62,10,8.55,MU,1707110018
19,mezhdurechenskiy,59.6,65.9333,-5.71,99,99,3.67,RU,1707110018
20,edinburgh of the seven seas,-37.0676,-12.3116,59.52,75,28,11.61,SH,1707110019
21,hamilton,39.1834,-84.5333,40.93,75,0,11.5,US,1707110019
22,klyuchi,52.2667,79.1667,22.8,85,100,12.06,RU,1707110019
23,avarua,-21.2078,-159.775,80.65,78,40,8.05,CK,1707109803
24,milagres,-7.3133,-38.9456,72.39,70,14,3.11,BR,1707110019
25,yellowknife,62.456,-114.3525,-23.28,76,0,4.61,CA,1707110020
26,whitehorse,60.7161,-135.0538,-8.63,64,100,3.44,CA,1707110020
27,camana,-16.6228,-72.7111,75.74,83,39,2.86,PE,1707110020
28,korla,41.7597,86.1469,27.57,63,100,3.78,CN,1707110020
29,bamboo flat,11.7,92.7167,84.29,70,20,9.22,IN,1707110021
30,urzhar,47.093,81.6294,25.07,70,92,1.23,KZ,1707110021
31,waitangi,-43.9535,-176.5597,67.82,81,66,10.33,NZ,1707110021
32,aktobe,50.2797,57.2072,33.89,86,100,24.61,KZ,1707110021
33,hermanus,-34.4187,19.2345,70.81,86,4,1.74,ZA,1707110021
34,xilin hot,43.9667,116.0333,21.61,92,100,7.81,CN,1707110022
35,papatowai,-46.5619,169.4708,72.36,55,94,7.99,NZ,1707110022
36,al mahwit,15.4701,43.5448,55.62,83,56,2.08,YE,1707110022
37,albany,42.6001,-73.9662,27.63,72,7,1.01,US,1707110022
38,acarau,-2.8856,-40.12,81.14,76,11,15.1,BR,1707109764
39,hawaiian paradise park,19.5933,-154.9731,68.04,93,100,9.22,US,1707110022
40,chibougamau,49.9168,-74.3659,-2.58,84,0,0.0,CA,1707109964
41,utrik,11.2278,169.8474,78.93,80,95,18.72,MH,1707110023
42,charlottetown,46.2352,-63.1267,34.18,96,100,27.0,CA,1707109836
43,szerencs,48.1667,21.2,50.52,75,100,17.0,HU,1707110024
44,mil'kovo,55.6078,37.7956,28.8,98,92,4.52,RU,1707110024
45,luderitz,-26.6481,15.1594,64.09,88,4,3.89,NA,1707110024
46,tralee,52.2704,-9.7026,49.66,87,98,10.83,IE,1707110025
47,bethel,41.3712,-73.414,34.93,63,0,3.44,US,1707110025
48,mikun',62.3547,50.0771,0.12,96,100,7.81,RU,1707110026
49,sabha,27.0377,14.4283,46.69,58,1,8.37,LY,1707110026
50,adamstown,-25.066,-130.1015,77.04,82,100,5.88,PN,1707110026
51,rongelap,11.1635,166.8941,79.12,74,100,19.57,MH,1707110027
52,bereznik,62.8551,42.7072,6.24,92,100,7.54,RU,1707110027
53,blackmans bay,-43.0167,147.3167,71.73,39,32,3.0,AU,1707110027
54,isangel,-19.55,169.2667,79.99,89,100,12.1,VU,1707110028
55,ghadamis,30.1337,9.5007,48.94,62,0,6.93,LY,1707110028
56,west island,-12.1568,96.8225,82.38,94,75,4.61,CC,1707110028
57,verkh-chebula,56.0308,87.6218,27.21,82,100,16.24,RU,1707110028
58,qaqortoq,60.7167,-46.0333,-7.24,67,0,5.97,GL,1707110028
59,saipan,15.1355,145.701,84.9,61,40,20.71,MP,1707110029
60,wailua homesteads,22.0669,-159.378,72.03,70,100,17.27,US,1707110029
61,altay,47.8667,88.1167,17.17,74,100,1.01,CN,1707110029
62,greenville,35.6127,-77.3663,38.12,90,0,0.0,US,1707109838
63,les cayes,18.2,-73.75,74.32,88,33,4.88,HT,1707110030
64,angren,41.0167,70.1436,36.66,61,100,5.23,UZ,1707110030
65,talnakh,69.4865,88.3972,1.2,95,100,10.8,RU,1707110030
66,port elizabeth,-33.918,25.5701,68.31,95,100,4.61,ZA,1707110031
67,atafu village,-8.5421,-172.5159,82.71,82,100,25.57,TK,1707110031
68,pamandzi,-12.7967,45.2794,82.18,89,75,5.75,YT,1707110031
69,grytviken,-54.2811,-36.5092,36.9,64,12,10.31,GS,1707110031
70,hithadhoo,-0.6,73.0833,82.85,77,98,12.97,MV,1707110031
71,tiksi,71.6872,128.8694,-27.33,100,70,1.28,RU,1707110032
72,anadyr,64.75,177.4833,-1.7,78,0,2.24,RU,1707110032
73,castillos,-34.1667,-53.8333,63.72,77,3,5.66,UY,1707110032
74,lihue,21.9789,-159.3672,72.64,69,100,17.27,US,1707110032
75,awjilah,29.1081,21.2869,50.97,67,1,7.27,LY,1707110032
76,moussoro,13.6408,16.4901,62.67,17,99,16.31,TD,1707110033
77,cabo san lucas,22.8909,-109.9124,68.5,72,0,6.87,MX,1707110033
78,bonga,7.2833,36.2333,61.3,97,100,2.33,ET,1707110033
79,bestobe,52.4994,73.0975,23.95,88,100,17.36,KZ,1707110033
80,petropavlovsk-kamchatsky,53.0452,158.6483,23.59,75,75,8.99,RU,1707110033
81,hadibu,12.65,54.0333,79.23,65,61,14.63,YE,1707110034
82,vilkaviskis,54.6517,23.0322,37.2,84,93,19.13,LT,1707110034
83,port alfred,-33.5906,26.891,74.57,71,0,3.83,ZA,1707110034
84,fuyuan,46.4333,127.0833,8.22,81,62,6.58,CN,1707110034
85,la'ie,21.6477,-157.9253,75.16,76,36,11.99,US,1707110034
86,yuzhno-kurilsk,44.0306,145.8556,21.38,60,100,22.06,RU,1707110035
87,laojunmiao,39.8333,97.7333,24.12,43,0,6.38,CN,1707110035
88,craig,40.5153,-107.5464,19.02,92,0,0.0,US,1707109826
89,georgetown,5.4112,100.3354,89.53,62,20,5.75,MY,1707110035
90,dali,25.7,100.1833,54.82,45,8,8.93,CN,1707110035
91,kaa-khem,51.6833,94.7333,-15.59,95,100,1.81,RU,1707110036
92,ribeira grande,38.5167,-28.7,63.77,96,100,14.0,PT,1707110036
93,brisas de zicatela,15.8369,-97.0419,74.97,67,0,5.93,MX,1707110036
94,vilyuchinsk,52.9306,158.4028,25.07,74,100,1.72,RU,1707110036
95,juneau,58.3019,-134.4197,36.1,97,100,5.75,US,1707110036
96,ta`u,-14.2336,-169.5144,82.9,80,100,16.51,AS,1707110037
97,pratapgarh,24.0333,74.7833,72.46,54,5,1.01,IN,1707110037
98,delano,35.7688,-119.247,61.38,58,100,11.5,US,1707110037
99,udachny,66.4167,112.4,-6.56,69,90,4.74,RU,1707110037
100,tvoroyri,61.5556,-6.8111,35.67,54,100,7.49,FO,1707110038
101,nova vicosa,-17.8919,-39.3719,76.21,88,100,4.07,BR,1707110038
102,lezajsk,50.2626,22.4193,43.21,95,100,19.86,PL,1707110038
103,namibe,-15.1961,12.1522,77.81,78,100,6.6,AO,1707110038
104,varias,46.0167,20.95,47.21,89,100,10.78,RO,1707110039
105,iisalmi,63.5592,27.1907,20.46,96,100,4.43,FI,1707110039
106,uturoa,-16.7333,-151.4333,80.2,82,100,7.85,PF,1707110040
107,birzebbuga,35.8258,14.5269,57.88,82,75,12.66,MT,1707110040
108,olyokminsk,60.3736,120.4264,-8.39,92,95,1.66,RU,1707110040
109,mankera,31.3866,71.4407,57.24,62,7,2.82,PK,1707110041
110,claremont,34.0967,-117.7198,55.09,91,100,13.8,US,1707109841
111,sokcho,38.2083,128.5911,32.61,93,100,10.36,KR,1707110041
112,warrnambool,-38.3833,142.4833,63.36,61,69,14.56,AU,1707110041
113,kirensk,57.7853,108.1119,14.97,86,95,7.0,RU,1707110042
114,lorengau,-2.0226,147.2712,83.75,79,100,6.06,PG,1707110042
115,kudahuvadhoo,2.6708,72.8944,82.29,75,57,16.31,MV,1707110042
116,hasaki,35.7333,140.8333,39.6,89,100,18.16,JP,1707110043
117,pizarro,4.9533,-77.366,78.67,86,97,2.64,CO,1707110043
118,apolinario saravia,-24.4328,-63.9954,79.02,58,79,0.92,AR,1707110043
119,toliara,-23.35,43.6667,82.0,71,8,7.43,MG,1707110043
120,olonkinbyen,70.9221,-8.7187,22.08,90,99,36.06,SJ,1707110043
121,kukmor,56.1855,50.8944,24.57,90,98,17.11,RU,1707110044
122,ilulissat,69.2167,-51.1,-5.78,54,1,9.22,GL,1707110044
123,nagqu,31.5,92.0,26.29,9,10,25.41,CN,1707110044
124,harar,9.3094,42.1258,61.92,69,93,9.01,ET,1707110045
125,chillicothe,39.3331,-82.9824,37.26,74,0,5.75,US,1707110045
126,acapulco de juarez,16.8634,-99.8901,78.62,73,0,5.75,MX,1707109815
127,nishinoomote,30.7333,131.0,60.24,72,86,40.8,JP,1707110046
128,ancud,-41.8697,-73.8203,59.54,88,58,14.14,CL,1707110046
129,dapa,9.7594,126.0531,82.06,73,77,8.77,PH,1707110046
130,vadso,70.0744,29.7487,21.36,73,75,20.71,NO,1707110046
131,kendari,-3.945,122.4989,79.09,87,100,2.1,ID,1707110046
132,invercargill,-46.4,168.35,78.03,45,90,14.0,NZ,1707109817
133,kyenjojo,0.6328,30.6214,64.85,76,98,3.02,UG,1707110047
134,lata,40.1629,-8.3327,49.8,84,100,2.37,PT,1707110047
135,hammerfest,70.6634,23.6821,21.65,73,0,14.97,NO,1707110047
136,yorosso,12.3536,-4.7761,71.24,13,100,12.12,ML,1707110048
137,happy valley-goose bay,53.3168,-60.3315,-3.69,77,100,0.0,CA,1707110048
138,lodja,-3.4833,23.4333,69.64,96,100,2.37,CD,1707110048
139,freeport,40.6576,-73.5832,38.01,64,0,10.0,US,1707109959
140,betare oya,5.6,14.0833,67.48,26,48,5.68,CM,1707110048
141,bredasdorp,-34.5322,20.0403,70.43,86,12,3.04,ZA,1707110049
142,bardai,11.65,7.2333,60.67,17,56,15.21,NG,1707110049
143,taroa,8.7058,171.2275,80.89,81,16,17.52,MH,1707110049
144,zouerate,22.7187,-12.4521,61.2,16,100,13.04,MR,1707110049
145,inarajan village,13.2736,144.7484,85.17,74,28,22.19,GU,1707110050
146,margaret river,-33.95,115.0667,70.25,50,38,15.35,AU,1707110050
147,carolina beach,34.0352,-77.8936,50.02,70,100,17.52,US,1707110050
148,i-n-salah,27.1935,2.4607,53.46,49,0,18.79,DZ,1707110050
149,ushuaia,-54.8,-68.3,55.76,93,100,11.23,AR,1707109879
150,puerto armuelles,8.2833,-82.8667,77.09,82,51,7.0,PA,1707110051
151,kodiak,57.79,-152.4072,31.51,93,100,4.61,US,1707110051
152,jamestown,42.097,-79.2353,28.04,94,0,6.91,US,1707110022
153,pihuamo,19.2499,-103.3828,64.08,40,0,5.08,MX,1707110051
154,mhamid,29.82,-5.72,47.61,48,61,7.0,MA,1707110052
155,san antonio de pale,-1.4014,5.6325,81.75,78,59,6.17,GQ,1707110052
156,laguna,38.421,-121.4238,60.46,80,100,26.46,US,1707110052
157,walvis bay,-22.9575,14.5053,65.35,94,100,1.14,NA,1707110053
158,gamba,-2.65,10.0,78.78,89,100,4.52,GA,1707110054
159,nadym,65.5333,72.5167,-7.06,97,96,6.46,RU,1707110054
160,luwuk,-0.9516,122.7875,86.68,66,100,1.07,ID,1707110055
161,college,64.8569,-147.8028,0.81,71,100,4.61,US,1707110055
162,codrington,-38.2667,141.9667,64.44,55,73,15.19,AU,1707110055
163,bilibino,68.0546,166.4372,-25.28,87,5,3.18,RU,1707110056
164,meridian,43.6121,-116.3915,46.49,53,100,31.07,US,1707109828
165,la ronge,55.1001,-105.2842,21.45,86,100,4.61,CA,1707110056
166,portland,45.5234,-122.6762,51.84,65,75,20.71,US,1707109819
167,hillsborough,37.5741,-122.3794,55.62,86,75,34.52,US,1707109805
168,murghob,38.1702,73.9667,-0.87,71,62,4.56,TJ,1707110057
169,kosh-agach,50.0,88.6667,-3.69,84,100,1.01,RU,1707110057
170,minas de marcona,-15.2119,-75.1103,66.49,84,32,5.39,PE,1707110057
171,neukirchen,50.8667,9.3333,50.2,89,100,17.43,DE,1707110057
172,ekenas,59.9736,23.4339,29.89,89,37,6.33,FI,1707110058
173,kimbe,-5.5502,150.1429,83.3,81,85,6.02,PG,1707110058
174,vila velha,-20.3297,-40.2925,75.15,96,20,3.44,BR,1707110058
175,daru,-9.0763,143.2092,86.18,72,72,3.2,PG,1707110058
176,beckley,37.7782,-81.1882,37.81,70,0,1.01,US,1707109663
177,st. john's,47.5649,-52.7093,34.29,96,100,24.16,CA,1707110010
178,badger,64.8,-147.5333,0.72,76,100,4.61,US,1707109957
179,callao,-12.0667,-77.15,79.72,73,0,8.05,PE,1707110059
180,tual,-5.6667,132.75,84.04,75,83,12.48,ID,1707110060
181,stanley,54.868,-1.6985,50.52,76,75,24.16,GB,1707109941
182,afaahiti,-17.75,-149.2833,80.47,84,100,14.88,PF,1707110060
183,biswan,27.5,81.0,63.03,82,92,3.02,IN,1707110060
184,aasiaat,68.7098,-52.8699,-25.17,87,11,4.83,GL,1707110061
185,thurgoona,-36.0451,146.9919,74.66,73,100,10.54,AU,1707110061
186,naze,28.3667,129.4833,60.31,70,81,21.83,JP,1707110061
187,novy bydzov,50.2415,15.4908,50.47,81,100,25.14,CZ,1707110061
188,enewetak,11.3474,162.3373,79.84,71,94,18.1,MH,1707110062
189,prieska,-29.6641,22.7474,77.58,23,0,4.29,ZA,1707110062
190,nema,57.5067,50.5011,20.8,96,100,5.39,RU,1707110063
191,chonchi,-42.6128,-73.8092,61.12,95,69,4.65,CL,1707110063
192,rawson,-43.3002,-65.1023,77.79,28,43,30.69,AR,1707110063
193,al mindak,20.1588,41.2834,58.6,86,78,4.85,SA,1707110063
194,yuni,13.4192,122.4833,85.86,54,20,4.81,PH,1707110064
195,axim,4.8699,-2.2405,78.31,88,49,3.49,GH,1707110064
196,kiunga,-6.1219,141.2906,93.18,50,100,2.59,PG,1707110064
197,baotou,40.6522,109.8222,25.65,72,83,6.96,CN,1707110064
198,bridgewater,44.3835,-64.5155,28.11,82,100,27.63,CA,1707109359
199,newman,37.3138,-121.0208,58.01,79,67,8.99,US,1707110065
200,rosetta,31.4044,30.4164,57.72,67,19,13.18,EG,1707110065
201,port saint john's,-31.6229,29.5448,73.83,79,44,4.63,ZA,1707110066
202,darwin,-12.4611,130.8418,93.06,65,20,15.01,AU,1707109928
203,pocahontas,36.2615,-90.9712,47.05,91,75,9.22,US,1707110066
204,east london,-33.0153,27.9116,73.99,68,0,4.25,ZA,1707110066
205,constantia,44.1833,28.65,43.7,78,92,19.08,RO,1707110046
206,sittwe,20.15,92.9,77.47,40,1,7.72,MM,1707110067
207,grand falls-windsor,48.9332,-55.6649,30.51,95,100,10.0,CA,1707110067
208,sinabang,2.4803,96.3801,84.97,68,97,0.81,ID,1707110067
209,sinaloa de leyva,25.8333,-108.2333,59.16,42,0,3.51,MX,1707110068
210,suva,-18.1416,178.4415,85.48,70,40,6.91,FJ,1707110068
211,belle fourche,44.6714,-103.8522,42.49,57,64,7.34,US,1707110069
212,gaiman,-43.2897,-65.4929,82.38,21,27,30.56,AR,1707110069
213,damghan,36.1683,54.348,35.2,59,31,0.98,IR,1707110069
214,flin flon,54.7682,-101.865,22.55,95,100,5.06,CA,1707110070
215,koupela,12.1794,-0.3517,69.85,16,99,12.86,BF,1707110070
216,priob'ye,62.5206,65.5964,-14.98,100,81,2.1,RU,1707110070
217,longyearbyen,78.2186,15.6401,30.04,74,75,17.27,SJ,1707109963
218,qarqaraly,49.4058,75.4742,17.35,91,100,7.83,KZ,1707110071
219,puerto lempira,15.2667,-83.7667,76.19,86,0,1.25,HN,1707110071
220,serowe,-22.3833,26.7167,72.5,54,50,4.68,BW,1707110071
221,raduzhny,62.0961,77.475,5.23,96,100,3.87,RU,1707110072
222,fale old settlement,-9.3852,-171.2468,84.43,78,100,24.34,TK,1707110072
223,freetown,8.484,-13.2299,76.14,82,51,0.78,SL,1707110072
224,eirunepe,-6.6603,-69.8736,72.34,98,100,1.72,BR,1707110072
225,harper,4.375,-7.7169,79.32,85,68,4.52,LR,1707110073
226,sandnessjoen,66.0217,12.6316,28.51,93,75,2.3,NO,1707110073
227,mogocha,53.7333,119.7667,4.71,76,100,1.97,RU,1707110073
228,arkhangel'sk,64.5401,40.5433,8.13,84,40,15.66,RU,1707110073
229,al jawf,29.5,38.75,44.83,51,4,4.25,SA,1707110073
230,ust-nera,64.5667,143.2,-13.59,90,100,2.75,RU,1707110074
231,anekal,12.7,77.7,81.09,37,18,8.57,IN,1707110074
232,ephraim,39.3597,-111.5863,33.82,64,78,8.93,US,1707110074
233,arraial do cabo,-22.9661,-42.0278,76.35,89,99,11.21,BR,1707109808
234,lebu,-37.6167,-73.65,55.18,89,2,5.01,CL,1707110075
235,alofi,-19.0595,-169.9187,82.29,78,56,13.8,NU,1707110075
236,coquimbo,-29.9533,-71.3436,65.12,84,81,6.22,CL,1707110005
237,loen,7.7601,168.2307,80.91,76,19,19.55,MH,1707110075
238,kholmsk,47.0511,142.0569,19.56,69,100,14.61,RU,1707110076
239,san juan de miraflores,-12.1629,-76.9635,78.17,74,56,5.46,PE,1707110076
240,vila do maio,15.1333,-23.2167,70.59,65,0,14.54,CV,1707110076
241,trashigang,27.3331,91.5542,57.15,57,85,5.86,BT,1707110076
242,tura,25.5198,90.2201,70.34,30,100,3.96,IN,1707110077
243,mana,5.6592,-53.7767,77.54,90,17,9.8,GF,1707110077
244,port blair,11.6667,92.75,84.24,70,20,9.22,IN,1707110077
245,kapa'a,22.0752,-159.319,73.38,69,100,17.27,US,1707110077
246,broken hill,-31.95,141.4333,80.58,59,99,11.05,AU,1707110078
247,kismayo,-0.3582,42.5454,82.72,75,88,16.11,SO,1707110078
248,velez rubio,37.6484,-2.0769,43.61,48,11,1.63,ES,1707110078
249,hoemul-li,41.4339,129.67,26.26,55,100,6.38,KP,1707110078
250,rabaul,-4.1967,152.1721,84.9,74,99,12.91,PG,1707110078
251,remire-montjoly,4.9167,-52.2667,77.04,100,75,2.3,GF,1707110079
252,cill airne,52.05,-9.5167,49.95,84,94,10.4,IE,1707110079
253,egilsstadir,65.2653,-14.3948,4.77,99,86,4.14,IS,1707110079
254,touros,-5.1989,-35.4608,80.65,79,20,11.63,BR,1707110080
255,taoudenni,22.6783,-3.9836,56.59,27,48,10.27,ML,1707110080
256,yatou,37.15,122.3833,30.9,95,100,18.28,CN,1707110080
257,denison,33.7557,-96.5367,50.97,91,100,18.41,US,1707110080
258,samana,19.2056,-69.3369,75.63,87,13,12.35,DO,1707110080
259,santo antonio do ica,-3.1022,-67.9397,73.69,98,100,2.17,BR,1707110081
260,anna regina,7.2644,-58.5077,78.82,88,40,9.48,GY,1707110081
261,konarka,19.9,86.1167,81.0,59,0,7.83,IN,1707110081
262,buka,40.8108,69.1986,40.28,52,100,0.58,UZ,1707110082
263,isafjordur,66.0755,-23.124,23.54,82,100,21.52,IS,1707110083
264,motueka,-41.1333,173.0167,72.72,53,0,4.88,NZ,1707110083
265,kokopo,-4.352,152.2633,84.09,78,100,10.18,PG,1707110083
266,hastings,50.8552,0.5729,48.4,39,90,22.1,GB,1707110084
267,san bernardo del viento,9.3533,-75.9524,81.18,77,93,3.04,CO,1707110084
268,shalkar,47.8288,59.6258,33.62,99,100,13.82,KZ,1707110084
269,amga,60.8953,131.9608,-15.92,96,99,0.51,RU,1707110085
270,ust-tsilma,65.441,52.1498,-18.38,99,25,3.0,RU,1707110085
271,adamovka,51.5223,59.9396,32.09,92,100,25.86,RU,1707110085
272,dinuba,36.5433,-119.3871,56.95,95,100,5.01,US,1707110086
273,sao tome,0.3365,6.7273,81.28,80,66,7.09,ST,1707110086
274,kapuskasing,49.4169,-82.4331,19.49,93,0,2.3,CA,1707110087
275,mountain home,43.133,-115.6912,44.42,58,75,25.32,US,1707110014
276,pyin oo lwin,22.0333,96.4667,72.66,34,0,5.1,MM,1707110087
277,soroti,1.7146,33.6111,70.75,73,51,2.57,UG,1707110087
278,san marcos,33.1434,-117.1661,60.08,71,100,14.97,US,1707110088
279,sao bento,-6.2833,-37.75,73.81,67,15,7.11,BR,1707110088
280,suntar,62.1444,117.6319,-3.39,88,100,2.93,RU,1707110088
281,villamontes,-21.25,-63.5,81.01,45,63,2.35,BO,1707110089
282,greymouth,-42.4667,171.2,66.22,71,2,6.02,NZ,1707110089
283,el bauga,18.262,33.9081,57.74,32,81,12.8,SD,1707110089
284,carnarvon,-24.8667,113.6333,83.73,44,17,20.29,AU,1707110089
285,perry,37.2506,-83.1999,45.32,83,100,4.32,US,1707110090
286,puerto leguizamo,-0.1934,-74.7819,72.9,99,100,2.44,CO,1707110090
287,alice springs,-23.7,133.8833,109.22,11,0,10.36,AU,1707110090
288,de aar,-30.6497,24.0123,71.29,34,2,0.87,ZA,1707110090
289,pacific grove,36.6177,-121.9166,55.78,84,100,11.01,US,1707110091
290,talara,-4.5772,-81.2719,76.82,81,91,5.17,PE,1707110091
291,xai-xai,-25.0519,33.6442,77.7,83,42,2.28,MZ,1707110091
292,viedma,-40.8135,-62.9967,68.32,65,23,15.5,AR,1707110091
293,iskateley,67.6803,53.1512,-8.99,93,95,4.0,RU,1707110091
294,paranhos,-23.8928,-55.4311,75.65,57,86,5.97,BR,1707110092
295,nan,18.8333,100.6667,89.64,18,0,2.64,TH,1707110092
296,kangal,39.2335,37.3911,28.67,91,99,5.77,TR,1707110092
297,kingston,17.997,-76.7936,77.23,96,37,1.01,JM,1707109631
298,vorgashor,67.5833,63.95,0.14,97,100,4.34,RU,1707110093
299,linhares,-19.3911,-40.0722,72.03,94,97,2.71,BR,1707109822
300,pasni,25.2631,63.471,70.16,43,25,8.75,PK,1707110093
301,ciutadella,40.0011,3.8414,50.81,75,11,5.66,ES,1707110094
302,bria,6.5423,21.9863,66.88,31,28,3.78,CF,1707110094
303,srinagar,34.0833,74.8167,32.25,83,69,1.19,IN,1707110094
304,sao joao da barra,-21.6403,-41.0511,75.83,93,100,7.78,BR,1707109828
305,turiacu,-1.6633,-45.3717,75.76,95,54,4.18,BR,1707110095
306,gadani,25.1185,66.7299,66.42,60,14,3.65,PK,1707110095
307,galappo,-4.2667,35.85,65.46,85,89,0.87,TZ,1707110095
308,nizhnesortymskiy,62.4397,71.7603,-8.0,100,98,5.59,RU,1707110095
309,mount isa,-20.7333,139.5,96.57,38,40,12.66,AU,1707110096
310,tsiombe,-25.3,45.4833,79.38,73,76,4.79,MG,1707110096
311,usinsk,65.9939,57.5281,-20.92,100,72,3.0,RU,1707110096
312,senanga,-16.1167,23.2667,69.24,81,100,2.44,ZM,1707110097
313,norilsk,69.3535,88.2027,1.42,93,100,8.59,RU,1707110097
314,wau,7.7029,27.9953,73.26,21,74,5.06,SS,1707110097
315,hatillo,18.4863,-66.8254,78.39,91,2,1.99,PR,1707110098
316,fomboni,-12.28,43.7425,83.77,74,58,5.59,KM,1707110098
317,punta arenas,-53.15,-70.9167,48.31,87,40,21.85,CL,1707110098
318,houston,29.7633,-95.3633,57.97,76,40,12.66,US,1707109353
319,bani walid,31.7566,13.9942,49.95,69,0,4.68,LY,1707110099
320,massawa,15.6097,39.45,75.31,70,91,8.39,ER,1707110100
321,chinchilla,-26.75,150.6333,92.01,43,61,4.0,AU,1707110101
322,jinxiang,27.4327,120.6062,52.27,82,99,8.05,CN,1707110101
323,verkhniy baskunchak,48.2256,46.7217,35.42,89,100,13.33,RU,1707110101
324,beaufort west,-32.3567,22.583,76.41,48,2,2.13,ZA,1707110102
325,gunnison,38.7,-107.0673,11.91,92,28,2.28,US,1707110102
326,manay,7.215,126.5397,83.84,70,66,12.26,PH,1707110103
327,monte patria,-30.6919,-70.9467,70.48,68,85,2.17,CL,1707110103
328,imperatriz,-5.5264,-47.4917,75.25,94,20,2.3,BR,1707110103
329,lensk,60.7253,114.9278,7.54,90,100,4.74,RU,1707110104
330,kailua-kona,19.6406,-155.9956,75.16,81,20,6.91,US,1707109957
331,nieuw nickerie,5.95,-56.9833,79.0,89,100,12.3,SR,1707110104
332,ulsteinvik,62.3432,5.8487,35.76,83,100,10.0,NO,1707110105
333,pisco,-13.7,-76.2167,77.05,73,0,5.75,PE,1707110105
334,barra de santo antonio,-9.4047,-35.5072,78.08,80,6,6.89,BR,1707110105
335,mejit,10.2753,170.8646,79.32,83,61,18.32,MH,1707110106
336,ad darbasiyah,37.0728,40.652,41.4,93,100,4.61,SY,1707110106
337,kenora,49.8167,-94.4337,32.97,100,100,2.3,CA,1707109990
338,la passe,45.5549,-0.8967,43.99,89,74,2.77,FR,1707110106
339,meadow lakes,61.6247,-149.6011,16.63,86,75,0.0,US,1707110107
340,new norfolk,-42.7826,147.0587,71.1,38,25,9.78,AU,1707110107
341,tazovsky,67.4667,78.7,4.12,95,100,9.33,RU,1707110107
342,veraval,20.9,70.3667,78.42,65,2,8.34,IN,1707110107
343,palopo,-2.9996,120.1921,83.82,75,100,3.96,ID,1707110108
344,bikenibeu village,1.3673,173.1241,85.96,84,75,6.91,KI,1707110108
345,mutoko,-17.397,32.2268,66.15,84,12,2.19,ZW,1707110108
346,rio grande,-32.035,-52.0986,73.0,85,81,12.46,BR,1707110109
347,thompson,55.7435,-97.8558,19.56,93,100,2.3,CA,1707110109
348,san luis de la loma,17.2706,-100.8939,73.09,64,0,7.14,MX,1707110109
349,berbera,10.4396,45.0143,77.02,70,15,2.37,SO,1707110109
350,tefe,-3.3542,-64.7114,72.93,98,100,2.28,BR,1707110110
351,selfoss,63.9331,-20.9971,10.04,80,100,10.67,IS,1707110110
352,al bawiti,28.3492,28.8659,46.35,65,2,3.94,EG,1707110110
353,ouesso,1.6136,16.0517,70.07,38,73,2.66,CG,1707110110
354,ha'il,27.5219,41.6907,46.42,49,0,4.61,SA,1707110111
355,kone,-21.0595,164.8658,80.71,86,100,6.38,NC,1707110112
356,puerto baquerizo moreno,-0.9,-89.6,77.29,78,42,10.25,EC,1707110112
357,volkhov,59.9258,32.3382,18.32,98,100,3.69,RU,1707110100
358,tadmur,34.5608,38.2805,46.69,81,60,2.24,SY,1707110113
359,yur'yevets,57.3201,43.1041,-4.54,100,100,3.96,RU,1707110113
360,el calafate,-50.3408,-72.2768,50.79,71,27,23.69,AR,1707110113
361,colonel hill,22.7667,-74.2167,76.96,76,84,18.03,BS,1707109886
362,marquette,46.5333,-87.6335,30.78,98,2,5.7,US,1707110114
363,mumford,5.2618,-0.759,77.5,90,58,3.53,GH,1707110114
364,yarmouth,41.7057,-70.2286,34.97,61,0,28.01,US,1707110115
365,gamay,12.3854,125.2979,84.22,68,42,8.23,PH,1707110115
366,el porvenir,13.7617,-87.3458,72.73,92,79,0.85,HN,1707110115
367,maintirano,-18.0667,44.0167,81.19,80,86,7.83,MG,1707110115
368,pohang,36.0322,129.365,40.03,90,100,22.06,KR,1707110116
369,inderbor,48.55,51.7833,34.88,99,100,14.83,KZ,1707110116
370,sur,22.5667,59.5289,72.48,59,21,3.36,OM,1707110116
371,papao,-17.75,-149.55,82.08,78,99,10.8,PF,1707110116
372,vangaindrano,-23.35,47.6,75.7,88,100,6.87,MG,1707110117
373,leua,48.2156,18.6071,52.5,77,100,22.39,SK,1707110117
374,usogorsk,63.4106,48.6872,-4.34,97,96,8.43,RU,1707110117
375,riti,7.9167,9.6167,75.58,19,71,10.02,NG,1707110117
376,maraba,-5.3686,-49.1178,75.38,94,100,3.44,BR,1707110118
377,birao,10.2849,22.7882,69.12,17,16,11.41,CF,1707110118
378,wajir,1.7471,40.0573,79.75,67,60,14.65,KE,1707110118
379,begoro,6.3871,-0.3774,68.67,81,66,2.86,GH,1707110118
380,mili,6.0815,171.735,81.91,79,100,15.41,MH,1707110119
381,weno,7.4515,151.8468,80.55,89,100,10.36,FM,1707110119
382,keflavik,64.0049,-22.5624,25.23,74,75,9.22,IS,1707110119
383,vattalkundu,10.1667,77.7667,81.95,48,69,6.31,IN,1707110119
384,howard springs,-12.497,131.047,92.98,73,43,11.56,AU,1707110120
385,camlachie,43.036,-82.1616,32.02,93,100,11.5,CA,1707110120
386,arar,30.9753,41.0381,42.82,65,0,6.91,SA,1707110120
387,prince george,53.9166,-122.753,27.1,61,100,1.83,CA,1707109886
388,atbara,17.7022,33.9864,59.27,30,96,15.26,SD,1707110121
389,saldanha,-33.0117,17.9442,67.35,89,100,8.97,ZA,1707110121
390,el nido,11.1858,119.3956,82.33,72,81,14.74,PH,1707109826
391,san patricio,28.017,-97.5169,62.46,59,0,8.52,US,1707110121
392,haiku-pauwela,20.9219,-156.3051,69.04,84,40,24.16,US,1707110122
393,kranuan,16.7067,103.0788,95.16,21,3,4.18,TH,1707110122
394,baoding,38.8511,115.4903,35.01,58,13,4.47,CN,1707110111
395,tahla,34.0485,-4.428,49.96,43,36,1.99,MA,1707110122
396,tolanaro,-25.0319,46.9987,78.1,79,100,12.55,MG,1707110123
397,koh kong,11.6175,102.9806,85.44,68,81,7.43,KH,1707110123
398,lib,8.3122,167.3766,80.49,73,43,19.89,MH,1707110123
399,polyarnyy,69.1989,33.4478,5.5,92,46,8.81,RU,1707110123
400,xining,36.6167,101.7667,23.34,52,19,3.02,CN,1707110124
401,leava,-14.3,-178.1667,83.48,75,100,9.4,WF,1707110124
402,inhambane,-23.865,35.3833,77.83,84,1,3.27,MZ,1707110124
403,morant bay,17.8815,-76.4093,82.02,88,29,10.92,JM,1707110124
404,santa cruz,-17.8,-63.1667,78.26,83,40,6.91,BO,1707110106
405,howrah,22.5892,88.3103,77.0,50,20,5.75,IN,1707110125
406,ettrick,37.2402,-77.43,35.82,81,0,0.0,US,1707110125
407,flying fish cove,-10.4217,105.6791,83.88,78,100,12.66,CX,1707110126
408,kotel'nikovo,47.6317,43.1461,35.35,98,100,10.18,RU,1707110126
409,czarne,53.6842,16.9383,42.55,82,100,19.75,PL,1707110127
410,kosan,38.8558,127.4181,30.4,86,100,10.42,KP,1707110127
411,matadi,-5.8167,13.45,77.7,88,100,2.08,CD,1707110127
412,kinna,57.5073,12.6946,39.56,73,100,17.11,SE,1707110128
413,andergrove,-21.0833,149.1833,92.64,59,84,9.71,AU,1707110128
414,chegdomyn,51.1167,133.0167,0.0,82,53,2.04,RU,1707110129
415,madalena,41.2162,-8.3345,52.56,90,100,2.28,PT,1707110129
416,labytnangi,66.6572,66.4183,0.28,97,100,6.98,RU,1707110129
417,cidreira,-30.1811,-50.2056,71.71,91,82,3.62,BR,1707110130
418,solleftea,63.1667,17.2667,21.06,94,75,5.28,SE,1707110130
419,harstad,68.799,16.5293,27.79,95,96,8.01,NO,1707110130
420,carutapera,-1.195,-46.02,77.83,92,31,5.41,BR,1707110130
421,nasarawa,8.5294,7.7242,74.66,19,92,4.97,NG,1707110131
422,kruisfontein,-34.0033,24.7314,70.48,82,1,7.16,ZA,1707110131
423,oranjemund,-28.55,16.4333,65.88,88,0,3.69,NA,1707110131
424,mount gambier,-37.8333,140.7667,67.57,40,37,12.19,AU,1707110010
425,eureka,40.8021,-124.1637,49.24,94,100,6.33,US,1707110027
426,marka,1.7159,44.7717,79.07,76,40,16.75,SO,1707110132
427,katsuren-haebaru,26.3369,127.8719,70.57,74,100,17.27,JP,1707110132
428,kas,36.2018,29.6377,51.35,54,0,5.26,TR,1707110132
429,batamshinskiy,50.5594,58.2747,30.4,96,100,23.91,KZ,1707110132
430,paciran,-6.8767,112.3761,84.25,69,94,6.87,ID,1707110133
431,faya-largeau,17.9257,19.1043,57.25,29,24,25.75,TD,1707110133
432,uruapan,19.4167,-102.0667,58.28,22,0,6.6,MX,1707109931
433,north platte,41.1239,-100.7654,40.12,98,100,3.44,US,1707110134
434,ellsworth,44.5434,-68.4195,24.6,52,0,13.8,US,1707109967
435,dunedin,-45.8742,170.5036,72.81,61,99,1.99,NZ,1707110134
436,maryborough,-25.5333,152.7,85.1,56,86,9.53,AU,1707110135
437,baise city,23.8997,106.6133,65.34,99,100,5.77,CN,1707110135
438,nantucket,41.2835,-70.0995,34.0,60,0,21.85,US,1707110135
439,beyneu,45.3167,55.2,36.25,80,68,7.72,KZ,1707110135
440,mahibadhoo,3.7833,72.9667,82.11,77,41,17.16,MV,1707110136
441,san jose,37.3394,-121.895,56.79,85,100,10.36,US,1707109542
442,dampit,-8.2116,112.7493,85.03,62,98,6.08,ID,1707110136
443,argostolion,38.1811,20.489,53.71,80,5,6.13,GR,1707110136
444,tukrah,32.5341,20.5791,55.83,77,23,7.74,LY,1707110136
445,mgandu,-5.95,34.1333,63.52,94,96,4.14,TZ,1707110137
446,aykhal,66.0,111.5,-5.19,87,100,7.14,RU,1707110137
447,birobidzhan,48.8,132.95,-3.17,84,10,3.29,RU,1707110137
448,antsiranana,-12.2787,49.2917,79.07,86,99,2.1,MG,1707110137
449,ribas do rio pardo,-20.4431,-53.7592,73.24,76,99,4.29,BR,1707110138
450,nemuro,43.3236,145.575,21.69,60,75,16.24,JP,1707110138
451,kill devil hills,36.0307,-75.676,43.99,79,0,6.91,US,1707110138
452,grootfontein,-19.5667,18.1167,65.77,88,20,2.3,NA,1707110138
453,ketchikan,55.3422,-131.6461,39.18,93,0,8.05,US,1707110139
454,yerofey pavlovich,53.9667,121.9667,5.77,75,48,3.4,RU,1707110139
455,karratha,-20.7377,116.8463,99.86,32,16,22.57,AU,1707110139
456,santa maria del oro,25.9333,-105.3667,48.58,30,0,4.09,MX,1707110139
457,pasuquin,18.3328,120.6177,85.33,63,2,10.85,PH,1707110140
458,margate,51.3813,1.3862,46.9,84,57,11.01,GB,1707109610
459,santa ana,33.7456,-117.8678,58.15,91,100,13.8,US,1707109958
460,jinan,36.6683,116.9972,32.58,57,13,3.09,CN,1707110141
461,saint-joseph,-21.3667,55.6167,79.18,70,53,11.12,RE,1707110142
462,tanabe,33.7333,135.3667,52.81,93,75,4.61,JP,1707110142
463,palikir - national government center,6.9248,158.1611,84.94,70,100,6.91,FM,1707110143
464,coyhaique,-45.5752,-72.0662,62.55,67,75,8.05,CL,1707110047
465,pike road,32.2843,-86.103,45.97,17,100,8.5,US,1707110143
466,saint-philippe,-21.3585,55.7679,80.19,76,60,11.12,RE,1707110143
467,sao vicente,-23.9631,-46.3919,75.38,26,90,4.92,BR,1707109848
468,gadzhiyevo,69.2551,33.3362,4.35,94,41,8.55,RU,1707110144
469,besancon,47.2488,6.0182,44.13,92,24,1.68,FR,1707110115
470,majene,-3.5403,118.9707,76.48,91,100,5.95,ID,1707110145
471,shache,38.4167,77.2406,27.72,67,96,3.04,CN,1707110145
472,abeche,13.8292,20.8324,64.0,19,51,9.66,TD,1707110145
473,diyadin,39.5406,43.6713,18.95,89,89,4.85,TR,1707110146
474,khandyga,62.6667,135.6,-27.08,94,59,0.16,RU,1707110146
475,posto fiscal rolim de moura,-13.0833,-62.2667,72.03,97,2,2.57,BR,1707110146
476,rabo de peixe,37.8,-25.5833,63.99,99,75,12.66,PT,1707110146
477,christchurch,-43.5333,172.6333,88.54,39,33,5.75,NZ,1707110146
478,urambo,-5.0667,32.05,66.22,96,97,3.22,TZ,1707110147
479,maragogi,-9.0122,-35.2225,78.13,79,6,6.89,BR,1707110147
480,duba,27.3513,35.6901,61.65,35,0,7.0,SA,1707110147
481,nyurba,63.2842,118.3319,-10.82,95,92,2.46,RU,1707110147
482,naugachhia,25.4,87.1,62.78,73,100,7.96,IN,1707110147
483,mossel bay,-34.1831,22.146,67.93,89,55,5.17,ZA,1707110148
484,mildura,-34.2,142.15,85.06,40,100,6.29,AU,1707110148
485,praia da vitoria,38.7333,-27.0667,62.85,94,75,16.96,PT,1707110148
486,retreat,38.8245,-85.8533,40.82,81,94,9.51,US,1707110148
487,ermoupolis,37.4423,24.9425,56.1,76,0,8.05,GR,1707110149
488,chililabombwe,-12.3648,27.8229,64.44,96,98,1.12,ZM,1707110149
489,tokar,18.4254,37.729,72.18,62,95,10.98,SD,1707110149
490,puerto san jose,13.9256,-90.8244,76.17,83,2,10.04,GT,1707110149
491,socorro,31.6546,-106.3033,54.48,40,0,4.61,US,1707110150
492,glace bay,46.1969,-59.957,32.99,98,100,20.71,CA,1707110150
493,togur,58.3631,82.8265,21.15,86,100,13.0,RU,1707110150
494,katsuura,35.1333,140.3,37.42,91,100,18.79,JP,1707110148
495,north bay,46.3168,-79.4663,30.22,74,100,3.44,CA,1707110150
496,nuuk,64.1835,-51.7216,12.81,67,100,12.66,GL,1707110151
497,clearwater,27.9659,-82.8001,62.98,83,0,8.01,US,1707109905
498,marijampole,54.5667,23.35,34.09,93,91,16.4,LT,1707110151
499,san blas,21.5167,-105.2667,63.95,70,0,4.94,MX,1707110152
500,fatehgarh,27.3667,79.6333,61.56,90,100,2.17,IN,1707110152
501,siniscola,40.5719,9.6922,53.15,74,6,6.87,IT,1707110152
502,knoxville,35.9606,-83.9207,52.05,41,0,12.66,US,1707110053
503,tshabong,-26.05,22.45,80.1,38,70,4.72,BW,1707110153
504,kavieng,-2.5744,150.7967,83.95,77,100,6.15,PG,1707110153
505,geraldton,-28.7667,114.6,90.01,17,37,19.57,AU,1707110153
506,homestead meadows south,31.811,-106.1643,52.97,39,0,1.25,US,1707110153
507,kemijarvi,66.7131,27.4306,9.59,92,96,8.97,FI,1707110153
508,mersa matruh,31.3525,27.2453,53.8,71,40,16.11,EG,1707110154
509,qarah bagh,34.9402,61.7759,45.32,29,15,15.1,AF,1707110042
510,sitka,57.0531,-135.33,39.09,87,100,4.61,US,1707110154
511,jiangyou,31.7667,104.7167,46.08,63,99,3.31,CN,1707110155
512,preobrazheniye,42.9019,133.9064,23.63,42,100,1.48,RU,1707110155
513,angaur state,6.906,134.13,79.38,88,100,17.83,PW,1707110156
514,broome,42.2506,-75.833,29.53,90,75,10.36,US,1707110156
515,fortuna,40.5982,-124.1573,48.97,97,100,5.75,US,1707110157
516,bo phloi,14.3236,99.5161,95.54,24,25,4.74,TH,1707110157
517,port douglas,-16.4833,145.4667,82.92,83,97,6.17,AU,1707110157
518,vernon,50.2581,-119.2691,34.61,85,96,0.47,CA,1707109984
519,antofagasta,-23.65,-70.4,72.68,81,1,2.3,CL,1707110158
520,les avirons,-21.2418,55.3394,78.85,69,0,19.57,RE,1707110158
521,orillia,44.6087,-79.4207,27.34,96,100,5.75,CA,1707110112
522,cudillero,43.5622,-6.1459,49.91,87,0,6.91,ES,1707110159
523,mosjoen,65.836,13.1908,28.51,93,40,2.3,NO,1707110159
524,ofunato,39.0717,141.7167,36.03,60,100,7.76,JP,1707110159
525,labrador city,52.9463,-66.9114,-10.82,78,0,2.3,CA,1707110112
526,umba,66.6871,34.3429,6.21,94,84,12.91,RU,1707110160
527,mizdah,31.4451,12.9801,46.62,82,0,6.04,LY,1707110160
528,linfen,36.0889,111.5189,30.33,76,92,0.65,CN,1707110155
529,vila franca do campo,37.7167,-25.4333,64.89,99,89,9.78,PT,1707110161
530,cacoal,-11.4386,-61.4472,72.57,97,96,1.05,BR,1707110161
531,koch bihar,26.3167,89.4333,67.51,43,97,6.85,IN,1707110161
532,torbat-e jam,35.244,60.6225,41.67,49,56,2.15,IR,1707110161
533,posse,-14.0931,-46.3694,71.02,81,100,2.24,BR,1707110162
534,zheleznogorsk,52.331,35.3711,32.59,97,100,19.04,RU,1707110162
535,baker city,44.7749,-117.8344,37.11,80,100,19.57,US,1707110141
536,bukama,-9.2,25.85,69.75,99,100,1.7,CD,1707110162
537,palu,-0.8917,119.8707,83.39,82,100,4.34,ID,1707110162
538,palangkaraya,-2.2,113.8333,82.17,78,100,1.63,ID,1707110163
539,betio village,1.358,172.9211,86.04,78,98,13.91,KI,1707110163
540,tromso,69.6496,18.957,28.42,59,0,10.36,NO,1707110134
541,saynshand,44.8824,110.1163,11.7,87,98,6.55,MN,1707110163
542,shelby,35.2001,-89.8668,46.94,95,100,8.08,US,1707110164
543,arno,60.1167,18.6333,29.79,84,89,8.81,SE,1707110164
544,swift current,50.2834,-107.8014,29.21,100,100,12.66,CA,1707110164
545,zabid,14.1951,43.3152,76.98,78,66,5.12,YE,1707110165
546,nguigmi,14.2495,13.1092,60.94,23,48,15.48,NE,1707110165
547,toulepleu guere,6.574,-8.4259,68.54,98,87,1.12,CI,1707110165
548,severnoye,56.3491,78.3619,17.98,92,100,13.0,RU,1707110165
549,gebeit,21.0667,36.3167,55.45,72,99,2.86,SD,1707110166
550,shijiazhuang,38.0414,114.4786,35.8,48,8,4.0,CN,1707110103
551,tahe,52.3333,124.7333,13.75,60,22,2.77,CN,1707110166
552,palia kalan,28.45,80.5833,65.14,57,22,1.74,IN,1707110166
553,kirakira,-10.4544,161.9205,83.44,83,100,13.38,SB,1707110167
554,raduzhnyy,62.0961,77.475,5.23,96,100,3.87,RU,1707110167
555,hirara,24.8,125.2833,66.47,82,75,25.32,JP,1707110167
556,choibalsan,48.0667,114.5,3.81,82,100,3.71,MN,1707110168
557,nyagan,62.1406,65.3936,-15.5,100,99,1.68,RU,1707110168
558,shalqar,47.8333,59.6,33.58,99,100,13.78,KZ,1707110169
559,kerikeri,-35.2268,173.9474,72.91,65,4,1.01,NZ,1707110169
560,leninskoye,41.7589,69.3864,34.57,79,100,3.44,KZ,1707110169
561,swakopmund,-22.6833,14.5333,65.25,93,83,3.22,NA,1707110170
562,iquique,-20.2208,-70.1431,75.24,76,5,3.53,CL,1707110170
563,krasnyy oktyabr',56.1167,38.8833,13.33,99,96,4.05,RU,1707110171
564,magadan,59.5667,150.8,7.54,75,98,7.2,RU,1707110171
565,bom jesus do itabapoana,-21.1339,-41.6797,72.01,97,100,1.1,BR,1707110172
566,aljezur,37.3191,-8.8033,54.27,77,100,1.39,PT,1707110172
567,mani,4.8172,-72.2886,74.43,91,100,7.78,CO,1707110172
568,cockburn town,21.4612,-71.1419,78.1,75,2,11.1,TC,1707110172
569,kirsanov,52.6549,42.7224,28.74,89,98,12.64,RU,1707110173
570,bucerias,20.75,-105.3333,69.78,78,0,3.44,MX,1707110173
571,isiolo,0.3546,37.5822,74.05,62,95,3.69,KE,1707110173
572,eket,4.6412,7.9209,76.96,81,88,2.77,NG,1707110174
573,lakhdenpokh'ya,61.5198,30.1992,19.74,97,100,3.78,RU,1707110174
574,quellon,-43.1167,-73.6167,57.58,91,72,11.86,CL,1707110174
575,timbuktu,16.7735,-3.0074,61.84,11,86,11.21,ML,1707110174
